load_limit,noma_demand,oma_demand,gain_by_noma
0.2,20.712706785114033,16.781509528814947,0.23425766612645674
0.4,31.7523425662421,26.048562135043824,0.2189671891150117
0.6,39.57775541553494,32.84916567123972,0.2048328962639763
0.8,45.597738968532916,38.23132223083049,0.19268014569901531
1.0,50.44524022330274,42.66991508128578,0.18222030972419412
